vram,name
0x03006940,GPT::BadInstructionTrap_3006940
0x03006fac,GPT::BadInstructionTrap_3006FAC
0x03007034,GPT::BadInstructionTrap_3007034
0x08000000,entry
0x080000c0,GPT::GbaRuntimeResetLoop
0x08000168,GPT::DispatchGbaInterrupt
0x08040d18,GPT::HandleFrontendCreditsState
0x08041078,GPT::InitializeFrontendLevelRows
0x080410b4,GPT::LoadFrontendLevelSprite
0x08041188,GPT::RenderFrontendLevelStats
0x08041288,GPT::RenderFrontendLevelLabels
0x08041324,GPT::SetFrontendLevelRowVisibility
0x08041344,GPT::SetFrontendLevelStatsVisibility
0x08041364,GPT::ClearFrontendLevelActors
0x08041390,GPT::UpdateFrontendLevelRowPositions
0x080413fc,GPT::RunFrontendLevelSelectionStateMachine
0x08041ea0,GPT::HandleDialogueTextControlCode
0x080420c4,GPT::HandleDialogueTextState
0x0804257c,GPT::HandleFrontendFadeAndTransitionEvent
0x080427e4,GPT::HandleCollectionListFrontendState
0x08043118,GPT::HandleCollectionFrontendExit
0x08043144,GPT::DestroyCollectionFrontendActors
0x080431b6,GPT::DispatchCollectionFrontendSubstate
0x080431e8,GPT::SelectSpriteDataBank
0x0804323c,GPT::PrintProfileTiming
0x08043370,GPT::BuildMenuEntryObjects
0x080434ec,GPT::AdvanceFrontendMotionObjects
0x08043558,GPT::ResetMenuEntryMotion
0x08043604,GPT::ShowMenuEntryNotification
0x080436b0,GPT::DestroyMenuEntryMotion
0x08043720,GPT::ComposeFrontendSelectionCode
0x0804374c,GPT::DispatchFrontendInputEvents
0x0804385c,GPT::MoveMenuObjectVertical
0x080438cc,GPT::MoveMenuObjectHorizontal
0x0804393c,GPT::ComputeMultiplayerPacketChecksum
0x08043960,GPT::WriteMultiplayerPacketChecksum
0x08043970,GPT::ValidateMultiplayerPacket
0x080439a0,GPT::InitializeMultiplayerTransferRecord
0x080439f4,GPT::AdvanceMultiplayerTransferSegment
0x08043a0c,GPT::HandleFrontendAdvanceInput
0x08043a58,GPT::HandleFrontendBackInput
0x08043aa0,GPT::HandleIconMenuState
0x08043cf8,GPT::HandleFrontendLevelSelectionEvent
0x08043d84,GPT::HandleFrontendTransferStateEvent
0x08043db8,GPT::RenderLevelStatistics
0x08043f40,GPT::PositionLevelStatisticsRows
0x08044054,GPT::HandleLevelSelectionState
0x0804423c,GPT::PositionLevelSelectionRows
0x08044314,GPT::RenderLevelStatisticsValue
0x0804444c,GPT::HandleMultiplayerResultsState
0x080448f4,GPT::HandleMultiplayerTransferFrontendEvent
0x08044c48,GPT::HandleMultiplayerStatusScreenEventA
0x08044ed4,GPT::HandleMultiplayerStatusScreenEventB
0x08045160,GPT::HandleMultiplayerStatusScreenEventC
0x080453d8,GPT::RouteFrontendSelectionEvent
0x0804541c,GPT::HandleFrontendModeSelectionEvent
0x08045638,GPT::HandleFrontendTransitionForwardEvent
0x0804566c,GPT::HandleFrontendExitEvent
0x0804568c,GPT::HandleUnlockAnimationState
0x08045848,GPT::HandleFrontendModeMenuEvent
0x08045a7c,GPT::HandleIconMenuNavigationEventA
0x08045cb4,GPT::HandleStatusScreenEvent
0x080461d8,GPT::HandleIconMenuNavigationEventB
0x08046424,GPT::HandleFrontendTransitionEvent
0x08046468,GPT::RefreshFrontendSpriteAsset
0x080464c0,GPT::PositionFrontendStatusSprites
0x08046500,GPT::HandleFrontendLevelRowState
0x08046814,GPT::HandleIconMenuNavigationEventC
0x08046a0c,GPT::HandleLevelSaveResultScreen
0x08046b94,GPT::HandleFrontendTimedNoticeEvent
0x08046cc4,GPT::HandleSaveBackupMenuEvent
0x08046f2c,GPT::InitializeCollectionEntrySprites
0x0804703c,GPT::ApplyCollectionRowLayout
0x08047080,GPT::SetCollectionRowPriorities
0x080470c8,GPT::ClearCollectionRowsAndActors
0x0804712c,GPT::RenderCollectionEntryDetails
0x08047494,GPT::RefreshCollectionEntryAssets
0x080475e0,GPT::DispatchBladeSelectionFrontendState
0x08047e46,GPT::DispatchBladeSelectionSubstate
0x08047e5c,GPT::HandleBladeSelectionFrontendEvent
0x080480ec,GPT::HandleIconMenuNavigationEventD
0x08048310,GPT::HandleMultiplayerIconMenuTransferEventA
0x0804868c,GPT::HandleMultiplayerIconMenuTransferEventB
0x08048a74,GPT::UpdateSelectionSpriteAnimation
0x08048ae8,GPT::HandleMultiplayerTransferState
0x08048d8c,GPT::HandleLevelSummaryFrontendEvent
0x08048f80,GPT::ParseDecimal
0x08048fb4,GPT::SkipToClosingBrace
0x08048fb8,GPT::SkipPastClosingBrace_8048FB8
0x08048fc4,sub_8048fc4
0x08048fc8,sub_8048fc8
0x08048fcc,GPT::GetFrontendContext
0x08048fd4,sub_8048fd4
0x08048fe4,GPT::ExitFrontendStateAndStopAudio
0x08048ffc,GPT::IsFrontendMenuEntryActive
0x08049018,GPT::ResetFrontendMotionTargets
0x0804903c,GPT::SetFrontendMotionTarget
0x08049074,GPT::ApproachSpriteObjectPosition
0x080490cc,GPT::DispatchFrontendCallback
0x080490f8,GPT::PushFrontendState
0x0804915c,GPT::GetCurrentFrontendState
0x08049168,GPT::ResetFrontendTransitionFlag
0x08049178,GPT::PopFrontendState
0x080491c4,GPT::InitializeFrontendSpriteObject
0x080491e0,GPT::ApproachFixedPointValue
0x08049210,GPT::SetFrontendSelectionIndex
0x08049234,GPT::SetFrontendTransitionState
0x08049240,GPT::GetFrontendTransitionState
0x0804924c,GPT::SetFrontendTransitionCode
0x08049258,GPT::GetFrontendTransitionCode
0x08049264,GPT::InitFrontEndState
0x08049320,GPT::SetFrontendStateHandlerOverride
0x08049330,GPT::SetFrontendFrameUpdateHandler
0x08049344,GPT::DispatchFrontendStateEvent
0x080493c8,GPT::HandleFrontendMultiplayerTransition
0x08049458,GPT::RunFrontEndLoop
0x080495c4,GPT::UpdateFrontendMotion
0x0804967c,GPT::BuildLevelSelectionActors
0x080498d8,GPT::ResetFrontendBackgroundScrollBase
0x080498f8,GPT::ApplyFrontendDisplayAndPalettes
0x08049950,GPT::InitializeFrontendBackgroundStateA
0x080499bc,GPT::InitializeFrontendBackgroundStateB
0x08049a24,GPT::ApplyDisplayConfigAndBuildBackgroundLayers
0x08049a84,GPT::InitializeBackgroundLayersAndUploadPalette
0x08049af8,GPT::InitializeBackgroundLayersWithoutPaletteUpload
0x08049b68,GPT::InitializeBackgroundLayersAndSetScrollFlags
0x08049bf8,GPT::ApplyDisplayConfigAndSetBackgroundScroll
0x08049c70,GPT::ApplyDisplayConfigAndSetAlternateScroll
0x08049ce8,GPT::HandleFrontendPaletteTransitionEventA
0x08049de0,GPT::HandleFrontendPaletteTransitionEventB
0x08049f58,GPT::UpdateFrontendSpriteAnimationStateA
0x08049f9c,GPT::UpdateFrontendSpriteAnimationStateB
0x08049ff8,GPT::HandleFrontendBackgroundDisplayEvent
0x0804a0e0,GPT::GetLevelRowSpriteObject
0x0804a110,GPT::UpdateLevelRowPositions
0x0804a1e4,GPT::UpdateLevelSelectionBounds
0x0804a234,GPT::EnableLevelBackgroundLayer
0x0804a26c,GPT::DisableLevelBackgroundLayer
0x0804a280,GPT::HandleLevelSelectionTransition
0x0804a2f0,GPT::PlayFrontendSound_003C_A
0x0804a300,GPT::PlayFrontendSound_003C_B
0x0804a310,GPT::PlayFrontendSound_003C_C
0x0804a320,GPT::PlayFrontendSound_003C_D
0x0804a330,GPT::SetDialogueActorStateByte
0x0804a33c,GPT::GetDialogueActorStateByte
0x0804a348,GPT::PlayFrontendSound_003C_E
0x0804a358,GPT::StorePendingLevelResultValue
0x0804a364,GPT::TouchDialogueMessageTableEntry
0x0804a378,GPT::GetDialogueMessageTableEntry
0x0804a388,GPT::InitializeTutorialManagement
0x0804a488,GPT::InitializeTutorialActorForLevel
0x0804a504,GPT::HasPendingGameplayDialogue
0x0804a51c,GPT::DispatchPendingGameplayDialogue
0x0804a550,GPT::RunGameplayDialogueMessage
0x0804a72c,GPT::ResetLevelSelectionRuntimeState
0x0804a744,GPT::InitializeTutorialBackgroundLayer
0x0804a7e8,GPT::HideBackgroundLayerForAssetUpload
0x0804a7f8,GPT::UploadBackgroundAssetToVram
0x0804a820,sub_804a820
0x0804a824,GPT::AdvanceAssetMotionOffset
0x0804a830,GPT::SetAssetMotionOffset
0x0804a838,GPT::CreateSpriteTrail
0x0804a908,GPT::UpdateParticleEmitter
0x0804ab50,GPT::SetParticleFrameFlags
0x0804ab60,sub_804ab60
0x0804ab64,GPT::ApplyParticleTimingRecord
0x0804ab88,GPT::QuantizeParticleDirection
0x0804abd0,GPT::SetParticlePosition
0x0804abd8,GPT::SetParticlePositionBounds
0x0804abe4,GPT::ReleaseParticleBuffer
0x0804abfc,GPT::QueueFrontendSoundEffect
0x0804acf0,GPT::InitLevelRenderState
0x0804ad28,GPT::ResetLevelMusicState
0x0804ad44,GPT::SetLevelMusicActive
0x0804ad50,GPT::SetLevelMusicOffset
0x0804ad60,GPT::HasLevelMusicOffset
0x0804ad74,GPT::UpdateLevelMusicFade
0x0804ae30,sub_804ae30
0x0804ae34,GPT::PlayFrontendSoundChannel
0x0804ae8c,GPT::StopFrontendSoundChannel
0x0804aecc,GPT::UpdateFrontendSoundParameter
0x0804af04,GPT::StartLevelMusic
0x0804af5c,GPT::StopLevelMusic
0x0804af9c,GPT::StopSoundChannelA
0x0804afb8,GPT::StopSoundChannelB
0x0804afd4,GPT::SetSoundChannelParameterA
0x0804b00c,GPT::SetSoundChannelParameterB
0x0804b044,GPT::ResetSoundChannelA
0x0804b060,GPT::ResetSoundChannelB
0x0804b07c,GPT::InitializeRider
0x0804b2cc,GPT::LoadRiderMetadata
0x0804b4a4,GPT::DestroyRider
0x0804b4fc,GPT::UpdateRiderRenderState
0x0804b5c0,GPT::ResetRiderEffectStates
0x0804b620,sub_804b620
0x0804b624,GPT::ProcessAllRiderPairInteractions
0x0804b754,GPT::UpdateRiderProximityTrigger
0x0804b7fc,GPT::FindNearestActiveRider
0x0804b8f0,GPT::UpdateRiderPhysicsAndCollisionState
0x0804bbf0,GPT::RenderRider
0x0804bedc,GPT::AllocateRiderEffectSprite
0x0804bf3c,GPT::UpdateRiderTrailParticleStrip
0x0804c098,GPT::DestroyRiderTrailParticleStrip
0x0804c0c0,GPT::DisableRiderAndRemoveSprite
0x0804c0ec,GPT::SetRiderSpriteFadeFlag
0x0804c118,GPT::UnlockRiderCollectionEntry
0x0804c154,sub_804c154
0x0804c158,sub_804c158
0x0804c15c,sub_804c15c
0x0804c160,GPT::InitializeProjectileSystem
0x0804c208,GPT::AdvanceGameplayMotionGroup
0x0804c34c,GPT::SetGameplayEffectBaseVector
0x0804c354,GPT::SetGameplayEffectSecondaryVector
0x0804c35c,GPT::InitializeGameplayEffectRecordArray
0x0804c3d4,GPT::CopyOffsetGameplayEffectRecordArray
0x0804c464,GPT::ClearGameplayEffectRecordStates
0x0804c484,GPT::DestroyGameplayEffectGroup
0x0804c4b4,GPT::ResetRiderState
0x0804c870,GPT::SetRiderMotionScalar
0x0804c888,GPT::SetRiderActivationMode
0x0804c8c0,GPT::SetRiderCollisionResponsePercentages
0x0804c8f0,GPT::UpdateRiderAIDirectionFlags
0x0804cb08,GPT::UpdateRiderInputAndVelocity
0x0804cef4,GPT::ApplyRiderActionEffect
0x0804d048,GPT::RespawnRiderAtSpawnRecord
0x0804d104,GPT::CopyRiderPositionToPrevious
0x0804d110,GPT::UpdateRiderMovement
0x0804d710,GPT::UpdateRiderCollisionSounds
0x0804d754,GPT::UpdateRiderDirectionalAnimation
0x0804d8d8,GPT::DampRiderVelocity
0x0804da44,sub_804da44
0x0804da48,GPT::AreRidersWithinRadius
0x0804daa0,GPT::AcquireRiderProximityTarget
0x0804db94,GPT::ResolveRiderRiderCollision
0x0804ddf8,GPT::UpdateRiderRotationAndWorldVelocity
0x0804df88,GPT::UpdateRiderProxyVelocityState
0x0804dff4,GPT::ResetRiderActionState
0x0804e090,GPT::ResetRiderCollisionState
0x0804e124,GPT::ApplyRiderSurfaceImpulse
0x0804e154,GPT::StartRiderHitState
0x0804e1dc,GPT::EndRiderHitState
0x0804e1fc,GPT::SetRiderHeadingVelocity
0x0804e20c,GPT::SetRiderMotionParameters
0x0804e224,GPT::ApproachRiderSignedValue
0x0804e258,GPT::ApproachRiderWrappedValue
0x0804e2a4,GPT::ApproachRiderAngularValue
0x0804e328,GPT::ConvertAngleDeltaToSineValue
0x0804e358,GPT::GetWrappedAngleDelta
0x0804e3b0,GPT::GetShortestWrappedDistance
0x0804e3e4,GPT::Project3DCoordinatesTo2D
0x0804e400,GPT::SetRiderFlag
0x0804e40c,GPT::ClearRiderFlag
0x0804e418,GPT::RiderHasAllFlags
0x0804e42c,GPT::RiderHasAnyFlags
0x0804e440,GPT::IsRiderStatusFlagSet
0x0804e454,GPT::AreRiderStatusFlagsSet
0x0804e468,GPT::InitializeParticleSystem
0x0804e530,GPT::ReorderActorListByDepth
0x0804e560,GPT::UpdateRiderRenderAnchor
0x0804e57c,GPT::SetParticleTrailVelocity
0x0804e584,GPT::SetParticleTrailPositionBounds
0x0804e594,GPT::SpawnParticleTrailSegment
0x0804e6a4,GPT::SpawnParticleTrailSegmentVariant
0x0804e7d4,GPT::SpawnParticleTrailSegmentAtOffset
0x0804e910,GPT::SpawnParticleTrailSegmentBatch
0x0804ea88,GPT::UpdateRiderTrailParticles
0x0804ebe8,GPT::DestroyRiderTrailParticles
0x0804ec14,GPT::InitializeHUD
0x0804ee2c,GPT::ClearGameplayHudActors
0x0804ee54,GPT::UpdateGameplayHud
0x0804f05c,GPT::UpdateGameplayTimeDisplay
0x0804f2a0,GPT::UpdateGameplayItemDisplay
0x0804f37c,GPT::CreateGameplayResultSprites
0x0804f478,GPT::UpdateGameplayResultAnimation
0x0804f794,GPT::DestroyGameplayResultSprites
0x0804f800,GPT::SetLevelVariantIndex
0x0804f824,GPT::SetGameplayResultTimer
0x0804f84c,GPT::SetHudResultOffset
0x0804f878,GPT::InitLevelHud
0x0804f9b4,GPT::ResetHudLayout
0x0804fa40,GPT::ShowHudOverlayNoticeA
0x0804fad4,GPT::ShowHudOverlayNoticeB
0x0804fb6c,GPT::ShowHudOverlayNoticeC
0x0804fc00,GPT::ShowGameplayStatusLabel
0x0804fcac,GPT::ShowCollectedItemNotification
0x0804fd64,GPT::ClearHudOverlayEffects
0x0804fe14,GPT::SetLevelEventFlag
0x0804fe30,GPT::ClearLevelEventFlag
0x0804fe50,GPT::IncrementDisplayedLevelNumber
0x0804fe9c,GPT::RefreshDisplayedProgressCount
0x0804fee8,GPT::DestroyLevelHud
0x0804ff5c,GPT::InitGameplayResourceBlockA
0x0804ff88,GPT::RecordRecentEventCode
0x0804ffd4,GPT::InitGameplayResourceBlockB
0x0805000c,GPT::BuildActorOamState
0x08050050,GPT::UpdateRiderStateTransition
0x08050114,GPT::ValidateRiderStateChecksum
0x08050184,GPT::SetRiderStateFlags
0x080501a8,GPT::ClearRiderStateFlags
0x080501c8,GPT::GetRiderStateFlags
0x080501f8,GPT::UpdateRiderPositionDelta
0x0805024c,GPT::UpdateRiderStateChecksum
0x08050284,GPT::InitMotionSegment
0x080502a4,GPT::AdvanceMotionSegment
0x0805032c,GPT::SetMotionVelocity
0x08050334,GPT::SetMotionPosition
0x0805033c,GPT::SetMotionLimit
0x08050340,GPT::SetMotionBounce
0x0805034c,GPT::ResetMotionSegment
0x08050364,GPT::CopyMotionSegmentParameters
0x08050384,GPT::ResetMotionObject
0x08050394,GPT::InitializeMotionGroup
0x0805041c,GPT::AdvanceMotionObject
0x080504e4,GPT::SetMotionScaleSequence
0x0805052c,GPT::SetMotionPositionSequence
0x08050574,GPT::SetMotionObjectFlags
0x08050578,GPT::SetMotionObjectBounce
0x08050584,GPT::DestroyMotionObject
0x080505a4,GPT::GameMainLoop
0x08050694,GPT::HandleVBlankInterrupt
0x080506b0,sub_80506b0
0x080506b4,GPT::HandleTimer1OverflowInterrupt
0x080506c0,GPT::InitializeRuntimeMathAndHardware
0x080506f4,GPT::InitializeBackgroundLayerManagement
0x08050894,GPT::WriteDisplayControl
0x080508a4,GPT::ApplyDisplayConfig
0x080508cc,GPT::BuildBackgroundLayers
0x08050a50,GPT::UpdateFrontendBackgroundLayers
0x08050a78,sub_8050a78
0x08050a7c,GPT::InitializeIconMenu
0x08050c18,GPT::UpdateIconMenuActors
0x08050df8,GPT::RefreshIconMenuSelection
0x08050e80,GPT::SelectNextIconMenuItem
0x08050f0c,GPT::SelectPreviousIconMenuItem
0x08050f98,GPT::BeginIconMenuExitAnimation
0x08050fc8,GPT::ResetFrontendIconMenu
0x08050fe8,GPT::SetIconMenuAnimationTarget
0x08050fec,GPT::SetIconMenuAnimationTarget
0x08050ff0,GPT::SetIconMenuEntryField10
0x0805100c,GPT::SetIconMenuEntryField14
0x08051028,GPT::DestroyIconMenu
0x0805106c,GPT::InitCurrentGameState
0x080510fc,GPT::InitCurrentGameStateTables
0x080512ac,GPT::UpdateLevelUnlockFlags
0x0805137c,GPT::GetLastCompletedLevelId
0x080513ac,GPT::SerializeCurrentGameState
0x08051488,GPT::DeserializeCurrentGameState
0x08051558,GPT::VerifyCurrentGameStateChecksum
0x080515a4,GPT::WriteCurrentGameStateBackup
0x080515e0,GPT::ReadCurrentGameStateBackup
0x08051618,GPT::IsNewGameState
0x0805162c,GPT::GetCurrentGameMode
0x08051640,GPT::SetCurrentLevelResultFlag
0x08051654,GPT::GetCurrentLevelId
0x08051688,GPT::SetCurrentLevelId
0x08051694,GPT::GetLevelDescriptionByIndex
0x080516b0,GPT::GetCurrentLevelIndex
0x080516c0,GPT::GetLevelDescriptionRecordByIndex
0x080516d4,GPT::SetCurrentLevelIndex
0x080516e0,GPT::GetAuxiliaryGameStateRecord
0x080516f8,GPT::GetCurrentLevelDescription
0x08051710,GPT::GetLevelDescriptionRecord
0x08051720,GPT::GetLevelProgressRecord
0x08051734,GPT::GetCurrentLevelProgressRecord
0x08051744,GPT::AreAllLevelsCompleted
0x0805176c,GPT::GetCurrentLevelAuxiliaryFlag
0x08051780,GPT::TestGameModeFlags
0x08051798,GPT::SetFrontendSelectionMode
0x080517ac,GPT::GetCurrentLevelDisplayNumber
0x080517e8,GPT::IsCurrentLevelProgressBit2Set
0x08051804,GPT::IsCurrentLevelProgressBit4Set
0x08051820,GPT::GetCurrentLevelEffectDescriptor
0x0805185c,GPT::SetCurrentLevelEffectDescriptorByte
0x08051868,GPT::GetCurrentLevelEffectType
0x0805187c,GPT::StoreCurrentLevelEffectDescriptor
0x080518c8,GPT::CountLevelProgressMaskBits
0x080518f0,GPT::CountCurrentLevelProgressFlags
0x08051918,GPT::RunGameSessionLoop
0x080520f4,GPT::DispatchActorEffectUpdate
0x08052140,GPT::InitGameplayRenderConfig
0x08052180,GPT::BuildActorRotationMatrix
0x080522d4,GPT::UpdateEnvironmentActorOffsets
0x08052514,GPT::InitPolyTable
0x08052534,GPT::SetActorRenderDepth
0x0805253c,GPT::ResetEnvironmentActorState
0x08052588,GPT::UpdateEnvironmentActorTileSpan
0x080526c8,GPT::SortGameplayActorsByDepth
0x0805295c,GPT::WaitForTwoVBlanks
0x08052978,GPT::HandleGameplayTransitionCommand_8052978
0x08052a74,GPT::DebugScanMemoryTableA
0x08052ab8,GPT::DebugScanMemoryTableB
0x08052afc,sub_8052afc
0x08052b00,sub_8052b00
0x08052b04,sub_8052b04
0x08052b08,GPT::SetSpriteFrameAndVisibility
0x08052b24,GPT::RunLevelResultMenu
0x080532b8,GPT::InitGameContext
0x08053374,GPT::InitGameSession
0x08053600,GPT::InitializeRidersForLevel
0x080538c0,GPT::ResetRiderActorState
0x08053920,GPT::AdvanceLevelVariantIndex
0x08053954,GPT::SetLevelVariantMax
0x08053978,GPT::GetLevelGeometry
0x08053990,GPT::GetLevelMetadata
0x080539a0,GPT::GetIndexedGameplayRecord
0x080539c4,GPT::GetLevelVariantRecord
0x080539e8,GPT::InitLevelEnvironment
0x08053b04,GPT::InitCollisionData
0x08053b94,GPT::UpdatePostGameResultState
0x08053cb4,GPT::CloseGameSession
0x08053d58,GPT::InitializeGameplayLoopState
0x08053e18,GPT::SetRiderTerminalState
0x08053ef8,GPT::SetCurrentRiderCallbackData
0x08053f0c,GPT::ApplyGameModeConfiguration
0x080540c8,GPT::ClampSignedDelta
0x080540e0,GPT::SetRiderGlobal
0x080540ec,GPT::InitializeEventListeners
0x0805420c,GPT::FreeEventListeners
0x08054248,GPT::ProcessMetadataEventCode
0x08054278,GPT::DispatchEventListeners
0x080542a8,GPT::HandleEventListeners
0x08054388,GPT::LogUnknownMetadataEvent
0x080543a4,sub_80543a4
0x080543a8,GPT::HandleMetadataEventType1
0x0805444c,GPT::HandleMetadataActorRespawn
0x080544bc,GPT::HandleMetadataItemOrValue
0x0805450c,GPT::HandleMetadataRiderImpulse
0x080545b0,GPT::HandleMetadataActorSplinePlacement
0x08054684,GPT::HandleMetadataActorAnimation
0x080546a4,GPT::HandleMetadataActorVelocity
0x080546c8,GPT::HandleMetadataActorMotionParameters
0x080546e8,GPT::HandleMetadataActorParameterTriple
0x0805470c,GPT::HandleMetadataObjectByte
0x08054714,GPT::HandleMetadataActorSpriteOffset
0x08054738,GPT::EmptyMetadataHandlerType14
0x0805473c,GPT::HandleMetadataActorPosition
0x08054764,GPT::EmptyMetadataHandlerType15
0x08054768,GPT::InitializeLevelEnvironmentActors
0x08054c9c,GPT::RenderEnvironmentActors
0x08054eb4,GPT::UpdateEnvironmentActors
0x08054fe0,GPT::DestroyEnvironmentActors
0x080550b8,GPT::CaptureEndpointActorPosition
0x080550f4,GPT::InitProjectileSystem
0x08055274,GPT::GetEnvironmentActorEndpointX
0x08055288,GPT::GetEnvironmentActorEndpointY
0x0805529c,GPT::UpdateGameplayScreenShake
0x08055340,GPT::UpdateGameplayTimersAndEffects
0x080555f4,GPT::InitializeTutorialActorMotion
0x08055624,GPT::ResetDialogueActorMotion
0x0805565c,GPT::ResetGameplayTransitionTimer
0x08055674,GPT::SetGameplayTransitionDuration
0x0805568c,GPT::ResetNearestRiderSearchState
0x080556c4,GPT::ResetRiderCollisionCooldown
0x080556dc,GPT::TestGlobalStatusFlags
0x080556f4,GPT::ReleaseGameRenderResources
0x08055734,GPT::ApplyGameplayEffectTransform
0x0805582c,GPT::ApplyRiderGameplayEffectRecord
0x0805589c,GPT::ClearGlobalGameplayEffectRecords
0x080558b8,GPT::SetRiderImpactEffectTimer
0x080558d0,GPT::SetGameplayEffectTimer
0x080558e8,GPT::SetRiderImpactEffectState
0x08055914,GPT::InitializeDialogueTextSpritePair
0x0805599c,GPT::UpdateDialogueTextSpritePair
0x08055b64,GPT::SetDialogueTextSpriteReloadTarget
0x08055b7c,GPT::ResetDialogueTextSpriteReloadState
0x08055ba0,GPT::SetDialogueTextSpriteReloadDelta
0x08055bb0,GPT::SetDialogueTextSpriteReloadTarget
0x08055bc0,GPT::SetDialogueTextSpriteAnimationFlag
0x08055c04,GPT::SetDialogueTextSpritePosition
0x08055c18,GPT::IsDialogueTextSpriteReloadPending
0x08055c30,GPT::DestroyDialogueTextSpritePair
0x08055c4c,GPT::ClearDialogueTextSpritePair
0x08055c58,GPT::DecompressResourceData
0x08055ca0,GPT::ReleaseDialogueTextSpriteResource
0x08055cb8,GPT::InitCollisionMessageQueue
0x08055cfc,GPT::DispatchRiderCollisionResponse
0x08055d64,GPT::ApplyRiderHitResponse
0x08055f04,GPT::StartRiderHitResponseState
0x08055f2c,GPT::ProcessRiderCollisionGeometry
0x08056154,sub_8056154
0x08056158,GPT::ClampCollisionPenetration
0x0805616c,GPT::QueueCollisionMessage
0x080561a0,GPT::DispatchCollisionMessages
0x080561ec,GPT::HandleCollisionGeometryEvent
0x08056610,GPT::ApplyCollisionResponseToRider
0x080567e4,GPT::BuildCollisionSurfaceSample
0x08056910,GPT::BuildCollisionSurfaceSampleWithSlope
0x08056adc,GPT::InterpolateCollisionSurfaceDepth
0x08056b54,GPT::AccumulateCollisionMetadataDepth
0x08056c08,GPT::ReturnFalse
0x08056c0c,GPT::FindLevelGeometrySpawnPoint
0x08056c80,GPT::FindLevelGeometryPointById
0x08056cfc,GPT::GetCollisionSegmentDistance
0x08056d44,GPT::InitializeCollectables
0x08056e2c,GPT::CollectLevelItem
0x08056ec0,GPT::CommitCollectedLevelItems
0x08056f7c,GPT::PersistCurrentLevelProgressFlags
0x08056fac,GPT::ResetLevelActorActivation
0x08057038,sub_8057038
0x0805703c,GPT::GetCollectionEntryStateByte
0x08057048,GPT::GetCollectionEntryLocalizedName
0x08057068,GPT::GetCollectionEntryAssetPointer
0x08057094,GPT::GetCollectionEntryDecompressorData
0x080570c0,GPT::GetCollectionEntryRecordAddress
0x080570d4,GPT::IsCollectionEntryUnlocked
0x08057104,GPT::SetLevelAvailabilityBit
0x08057158,GPT::InitTimedProgressSequence
0x08057164,GPT::AdvanceTimedProgressSequence
0x080571d0,GPT::IsTimedProgressSequenceComplete
0x080571e4,GPT::GetTalkingHeadRecord
0x080571f8,GPT::ClearBeybladeActorData
0x08057228,GPT::FreeBeybladeActorData
0x08057258,GPT::GetBeybladeActorDataForIndex
0x08057338,GPT::GetBeybladeDataRecord
0x08057348,GPT::GetBeybladeActorRecord
0x08057360,GPT::AllocateBeybladeActorPalette
0x08057398,GPT::AllocateBeybladeObjectPalettes
0x080573c8,GPT::GetCollectionEntryRecord
0x080573dc,GPT::GetCollectionEntryLocalizedTableA
0x080573fc,GPT::GetCollectionEntryLocalizedTableB
0x0805741c,GPT::GetCollectionEntryLocalizedTableC
0x0805743c,GPT::GetCollectionEntryLocalizedTableD
0x0805745c,GPT::GetCollectionEntryLocalizedTableE
0x0805747c,GPT::GetCollectionEntryLocalizedTableF
0x0805749c,GPT::GetEffectDescriptorByte
0x080574a8,GPT::InitSaveBackupState
0x080574d0,GPT::WriteSaveBackupBlocks
0x08057568,GPT::ReadSaveBackupBlocks
0x080575f4,GPT::InitializeAiManagement
0x080576ec,GPT::UpdateRiderSurfaceDirection
0x080577a0,GPT::DeinitializeAiManagement
0x080577d4,GPT::EmptyAiCallback_80577D4
0x080577d8,GPT::ComputeSurfaceDirectionFromGeometry
0x08057878,GPT::QuantizeDirectionFromDelta
0x080578c0,CpuSet
0x080578c4,Div
0x080578c8,Mod
0x080578d0,Lz77UnCompWram
0x080578d4,Sqrt
0x080578d8,GPT::WaitForVBlank
0x080578e0,GPT::InitializeMemoryRegionDescriptor
0x0805791c,GPT::InitFrameTimingState
0x08057930,GPT::AdvanceFrameTimer
0x08057944,GPT::InitDmaTransferState
0x08057984,GPT::DebugPrintMemoryRegionTable
0x080579a8,GPT::InitDisplayInterruptHardware
0x080579f4,GPT::EnableInterruptMask
0x08057a08,DisableInterrupt
0x08057a1c,GPT::PreparePaletteTransferDescriptor
0x08057a44,GPT::CopyPaletteToPaletteRam
0x08057a60,GPT::CopyPaletteToPaletteRamVariant
0x08057a7c,GPT::UploadPaletteWithBrightnessShift
0x08057b30,GPT::SetTransferAddressPair
0x08057b38,sub_8057b38
0x08057b3c,sub_8057b3c
0x08057b40,sub_8057b40
0x08057b44,sub_8057b44
0x08057b48,sub_8057b48
0x08057b4c,sub_8057b4c
0x08057b50,sub_8057b50
0x08057b54,GPT::ResetTransferAddressPair
0x08057b64,GPT::AdvanceTransferCounter
0x08057b74,sub_8057b74
0x08057b78,sub_8057b78
0x08057b7c,sub_8057b7c
0x08057b80,GPT::DebugAssert
0x08057c1c,sub_8057c1c
0x08057c20,sub_8057c20
0x08057c24,sub_8057c24
0x08057c28,sub_8057c28
0x08057c2c,sub_8057c2c
0x08057c30,printf_2
0x08057c38,printf
0x08057c40,GPT::GetGlobalAnimationPhase
0x08057c4c,GPT::ReadVCount
0x08057c58,GPT::InitializeActorRecord
0x08057d88,GPT::RenderActor
0x08057fac,GPT::CopyActorRecordWithPosition
0x08057fdc,GPT::GetSpriteFrameTileOffset
0x08058038,GPT::FindSpriteSheetFrameRecord
0x08058068,GPT::GetSpriteFrameTileSpan
0x080580b4,GPT::GetSpriteFrameRecord
0x080580c0,GPT::SelectActorFrameSequenceById
0x08058110,GPT::GetSpriteFrameGraphicsPointer
0x08058144,GPT::GetCurrentSpriteFrameOriginOffset
0x0805816c,GPT::SetActorFrameSequence
0x080581b8,GPT::AdvanceActorFrameSequence
0x08058220,GPT::SetActorFrameSequenceDescriptor
0x080582d0,GPT::SetActorFrameSequenceElement
0x0805832c,GPT::SetActorFrameElement
0x08058390,GPT::SetActorFrameSequenceElementNoReset
0x080583dc,GPT::SetActorFrame
0x08058478,GPT::SetActorFrameWithBoundsFallback
0x080584b8,GPT::UpdateActorMotion
0x080585c8,GPT::SetActorMotionState
0x080585e8,GPT::SetActorRenderFlag
0x080585f0,GPT::SetActorAnimationParameter
0x080585f8,sub_80585f8
0x08058614,sub_8058614
0x08058624,GPT::SetActorSpriteOffset
0x08058630,GPT::SetActorUpdateCallbackData
0x08058638,GPT::UpdateActorFramePlayback
0x08058754,GPT::GetActorWorldPosition
0x08058778,GPT::RenderActorDefault
0x08058784,GPT::ToggleActorFlag
0x08058794,GPT::QueueActorTimedEffect
0x08058838,GPT::UpdateActorTimedEffects
0x080588a8,GPT::DestroyActorTimedEffects
0x080588dc,GPT::ClearActorTimedEffects
0x08058914,sub_8058914
0x08058918,sub_8058918
0x0805891c,sub_805891c
0x08058920,sub_8058920
0x08058924,GPT::GetSpriteSheetFrameTable
0x0805893c,GPT::GetSpriteSheetAuxiliaryTable
0x08058968,GPT::InitBackgroundLayerInstance
0x08058a28,GPT::InitBackgroundLayerAtOrigin
0x08058aa8,GPT::InitializeBackgroundLayerDescriptor
0x08058c74,GPT::InitializeBackgroundTilemap
0x08058e18,GPT::InitBackgroundLayerFromDescriptor
0x08058ef4,GPT::UpdateBackgroundMotion
0x08058f60,GPT::UpdateBackgroundParallax
0x08059058,GPT::AllocateActorMotionModifier
0x08059110,GPT::AdvanceBackgroundMotionModifiers
0x08059184,sub_8059184
0x08059188,GPT::InitBackgroundLayerInstance
0x08059284,GPT::SelectBackgroundTileGeometry
0x08059310,GPT::CopyWrappedBackgroundTiles
0x08059404,GPT::CopyBackgroundTileRows
0x080594fc,GPT::CopyBackgroundTileRowsAligned
0x080595fc,GPT::FillBackgroundTilemapRectangle
0x080596ac,GPT::UpdateBackgroundScrollOffsets
0x08059904,GPT::UpdateBackgroundScrollFromAnchor
0x08059934,GPT::ResetBackgroundLayerRegisters
0x08059994,GPT::IsBackgroundLayerFlagSet
0x080599a8,GPT::GetBackgroundLayerHOffsetRegister
0x080599e8,GPT::GetBackgroundLayerVOffsetRegister
0x08059a28,GPT::GetBackgroundLayerControlRegister
0x08059a68,GPT::SetBackgroundLayerOffset
0x08059ab8,GPT::SetBackgroundLayerTransform
0x08059b00,GPT::UpdateBackgroundLayerTransform
0x08059c18,GPT::SetAllBackgroundLayerColorModes
0x08059cb4,GPT::GetBackgroundLayerControlBits
0x08059cc8,GPT::SetBackgroundLayerControlBits
0x08059cf0,GPT::GetBackgroundLayerControlBitsByIndex
0x08059d04,GPT::SetBackgroundLayerVisibility
0x08059db8,GPT::WriteBackgroundTilemapEntry
0x08059ddc,GPT::FillBackgroundTilemapBlock
0x08059e5c,GPT::CopyBackgroundTileColumn
0x08059ebc,GPT::RenderStringToBackgroundTilemap
0x08059f20,GPT::RenderBackgroundTilemapSubstring
0x08059fa0,GPT::MultiplyFixedPointShorts
0x08059fb8,GPT::DivideFixedPointValue
0x08059fd0,GPT::LookupScaledSineProduct
0x08059ff8,GPT::InitFourWordRecord
0x0805a00c,GPT::BuildThreeAngleRotationRecord
0x0805a0dc,GPT::NormalizeQuaternion
0x0805a148,GPT::MultiplyQuaternions
0x0805a1dc,GPT::QuaternionToRotationMatrix
0x0805a290,GPT::TransformVectorByMatrix
0x0805a2dc,GPT::MultiplyThreeByThreeMatrices
0x0805a350,GPT::InitMemoryBlockPointers
0x0805a3a8,GPT::FastAllocateMemory
0x0805a420,GPT::SlowAllocateMemory
0x0805a498,GPT::ReleaseMemoryBlock
0x0805a53c,GPT::InsertFreeMemoryBlock
0x0805a5e4,GPT::FindValidAllocatedBlock
0x0805a614,GPT::PrintTotalWorkingRamUsage
0x0805a664,GPT::PrintTotalExternalRamUsage
0x0805a6b0,sub_805a6b0
0x0805a6b4,sub_805a6b4
0x0805a6b8,GPT::UpdateKeyState
0x0805a86c,GPT::InitKeyState
0x0805a914,GPT::GetKeyButtonRecord
0x0805a930,GPT::InitKeyButtonRecord
0x0805a93c,GPT::InitKeyButtonRecords
0x0805a984,GPT::AdvanceKeyRecordingPlayback
0x0805aa50,GPT::InitKeyRecording
0x0805aab4,GPT::AdvanceKeyRecording
0x0805aad4,GPT::SetGameplayResultFlag
0x0805aae0,GPT::ClearGameplayResultFlag
0x0805aaec,GPT::ConfigureKeyRecording
0x0805ab38,GPT::ResetPostGameResultFlag
0x0805ab44,GPT::GetKeyRecordingFrameDelta
0x0805ab58,GPT::IsKeyRecordingActive
0x0805ab6c,GPT::DebugPrintKeyRecordingBuffer
0x0805abb4,GPT::GetKeyRecordingLength
0x0805abc0,GPT::MatchRecordedKeyInput
0x0805ac28,GPT::CreateFrontendCallbackRecord
0x0805ac5c,GPT::SetFrontendCallback
0x0805ac68,GPT::InvokeFrontendCallback
0x0805ac80,GPT::RefreshFrontendEntryLabel
0x0805ad24,GPT::InitMenuEntryList
0x0805ad9c,GPT::DestroyMenuEntryList
0x0805add4,GPT::InitializeMenuItems
0x0805afb8,sub_805afb8
0x0805afbc,GPT::MoveFrontendSelection
0x0805b050,GPT::MoveFrontendSubselection
0x0805b0bc,GPT::GetFrontendSelectionCode
0x0805b0f0,GPT::SetFrontendEntryLayer
0x0805b13c,GPT::SetFrontendSelectedEntry
0x0805b1a0,GPT::SetFrontendEntryValue
0x0805b1e0,GPT::GetFrontendEntryValue
0x0805b210,GPT::GetFrontendSelectionValue
0x0805b240,GPT::GetFrontendSelectionIndex
0x0805b244,GPT::InitTilemapTextRenderer
0x0805b260,GPT::SetTilemapTextRendererSources
0x0805b268,GPT::SetTilemapTextRendererPalette
0x0805b26c,GPT::SetTilemapTextRendererFlags
0x0805b270,GPT::GetGlyphBitmapPointer
0x0805b280,GPT::BlitGlyphToTilemap
0x0805b394,GPT::UploadBackgroundTextTiles
0x0805b3dc,GPT::MeasureTextStringWidth
0x0805b41c,GPT::RenderTextStringToTilemap
0x0805b668,GPT::RenderIntegerToTilemapText
0x0805b700,GPT::RenderTimeToTilemapText
0x0805b7f0,GPT::GetGlyphTilePointer
0x0805b800,GPT::RenderFormattedTextToTilemap
0x0805b8c4,GPT::InitializeLevelGeometryAddressTable
0x0805b938,GPT::InitializeCollisionDataRuntime
0x0805ba3c,GPT::ReleaseGameplaySpatialBlock
0x0805ba54,GPT::SetLevelMetadataAddress
0x0805ba60,GPT::GetLineMetadataPointer
0x0805ba7c,GPT::GetGeometryRecordByAddress
0x0805bac0,GPT::GetGeometryRecordIndex
0x0805bad8,GPT::GetLineMetadataAtIndex
0x0805bafc,GPT::FindGeometrySubrecordById
0x0805bb2c,GPT::FindLineMetadataObjectByType
0x0805bb5c,GPT::FindLineMetadataObjectByTypeAndId
0x0805bb9c,GPT::InitializeQuadTree
0x0805bbc8,GPT::AllocateQuadTree
0x0805bdbc,GPT::BuildGeometryCollisionCandidateLists
0x0805bf18,GPT::DoAabbOverlapTest
0x0805bfc4,GPT::FreeGameplayQuadTree
0x0805bfe8,GPT::AllocateDynamicBoundingAreaIndices
0x0805c040,GPT::InitializeQuadTreeNode
0x0805c308,GPT::FindQuadTreeNodeForPosition
0x0805c3bc,GPT::SetActorPositionFromGeometryPoint
0x0805c444,GPT::AdvanceActorToNextSplineSegment
0x0805c48c,GPT::ResolveActorGeometryCollisions
0x0805c9a4,GPT::ResolveRiderLevelGeometryCollision
0x0805ceb8,GPT::ResolveRiderGeometryCollisionCandidates
0x0805d400,GPT::DispatchRiderCollisionCallback
0x0805d430,GPT::CheckActorSplineCollision
0x0805d488,GPT::DispatchActorSplineCollision
0x0805d548,GPT::DispatchActorGeometryCollisions
0x0805d610,GPT::ClearActorCollisionReference
0x0805d650,GPT::AdvanceActorAlongSpline
0x0805db6c,GPT::GetGeometryRecordByIndex
0x0805db80,GPT::GetSplineRecordAtIndex
0x0805dbac,GPT::GetGeometryPointAtIndex
0x0805dbc0,GPT::GetSplinePointAtIndex
0x0805dbf0,GPT::FindSplinePointsWithMatchingValue
0x0805dcd4,GPT::GetSplineLineRecordAtIndex
0x0805dcfc,GPT::GetSplinePointAtIndex
0x0805dd18,GPT::InterpolateSplinePosition
0x0805df04,GPT::GetSplineAngleAtDistance
0x0805dfd4,GPT::InterpolateSplinePositionAtDistance
0x0805e068,GPT::InterpolateSplineSegmentPosition
0x0805e0d8,GPT::IntersectLineWithSplineSegment
0x0805e18c,GPT::FindSplinePolylineIntersection
0x0805e320,GPT::FindGeometrySegmentIntersection
0x0805e474,GPT::ClassifySegmentIntersectionOrientation
0x0805e50c,GPT::InitializeThreeWordRecord
0x0805e514,GPT::InitializeFourWordRecord
0x0805e528,GPT::FindGeometryEdgeByBoundsAndType
0x0805e648,GPT::FindGeometryEdgeByBoundsTypeAndVariant
0x0805e77c,GPT::FindGeometryRecordByTypeAndField16
0x0805e7c0,GPT::FindGeometryRecordByTypeAndField20
0x0805e804,GPT::FindNextGeometryRecordByType
0x0805e83c,GPT::FindLineIndexOfType
0x0805e878,GPT::InitializeEnvironmentCameraStateZero
0x0805e8a0,GPT::ApplyEnvironmentActorParameter
0x0805e8b0,GPT::InitializeEnvironmentCameraStateUniform
0x0805e8d8,GPT::InitEnvironmentCameraState
0x0805eadc,GPT::ApplyDisplayControlState
0x0805eb00,GPT::UpdateEnvironmentBackgroundMotion
0x0805ebc8,GPT::EmptyDefaultDispatch_805EBC8
0x0805ebcc,GPT::UpdateEnvironmentCameraOffsets
0x0805ed60,GPT::UpdateEnvironmentCameraOffsetsFromActor
0x0805ee78,GPT::SetEnvironmentCameraUpdateCallback
0x0805eea4,GPT::FindPackedRecordIndexByKey
0x0805eee0,GPT::GetActiveGameplaySubcontext
0x0805eefc,GPT::SetEnvironmentActorTarget
0x0805ef18,GPT::DispatchIndexedRecordCallbacks
0x0805ef9c,GPT::InitRenderCodeTable
0x0805f0b4,GPT::InitializeSpriteAnimationController
0x0805f1e4,GPT::SetAnimationControllerCallbackData
0x0805f1ec,GPT::SetAnimationResourceEndPointer
0x0805f1f4,GPT::ReleaseSpriteAnimationControllerBuffers
0x0805f218,GPT::ConfigureAnimationFrameRange
0x0805f23c,GPT::SetAnimationFrameRange
0x0805f258,GPT::ConfigureAnimationStreamingMode
0x0805f27c,GPT::DispatchAnimationTileUpload
0x0805f378,GPT::SetAnimationEndCursor
0x0805f3a8,GPT::SetAnimationFrameCursor
0x0805f3d8,GPT::BuildAnimationDmaDescriptor
0x0805f400,GPT::AdvanceAnimationFrame
0x0805f47c,GPT::UpdateSpriteAnimationController
0x0805f730,GPT::CommitAnimationFrameState
0x0805f784,GPT::SelectAnimationSequence
0x0805f7fc,GPT::SelectAnimationSequenceImmediate
0x0805f848,GPT::ClearAnimationHoldFlag
0x0805f864,GPT::SelectAnimationSequenceAndHold
0x0805f884,GPT::QueueAnimationSequenceChange
0x0805f8c0,GPT::RestartCurrentAnimationSequence
0x0805f8d4,GPT::CopyAnimationFrameRecord
0x0805f8ec,GPT::GetAnimationFrameRecord
0x0805f8f8,sub_805f8f8
0x0805f910,GPT::DispatchAnimationLayerCallbacks
0x0805f98c,sub_805f98c
0x0805f9ac,GPT::ReleaseAnimationResourceBuffers
0x0805f9d4,GPT::InitializeAnimationEventTables
0x0805fa4c,GPT::ReleaseAnimationEventBuffers
0x0805fa68,GPT::ResetAnimationEventList
0x0805fa8c,GPT::AppendAnimationEventNode
0x0805fae8,GPT::DispatchAnimationEventChain
0x0805fb60,GPT::DebugPrintAnimationEventChain
0x0805fbe0,GPT::InitializeAnimationEventMap
0x0805fcc8,GPT::ReleaseAnimationEventMap
0x0805fcec,GPT::InsertAnimationEventMapEntry
0x0805fd80,GPT::RemoveAnimationEventMapEntry
0x0805fe04,GPT::ResetAnimationEventMapDma
0x0805fe68,GPT::DebugPrintAnimationEventMapChain
0x0805fed0,GPT::InitMultiplayerBuffers
0x0805ffe4,GPT::PrepareMultiplayerTransfer
0x0806003c,sub_806003c
0x08060040,GPT::IsMultiplayerTransferReady
0x08060070,GPT::IsMultiplayerTransferActive
0x0806008c,GPT::HasMultiplayerTransferError
0x080600a8,GPT::IsMultiplayerMode
0x080600b4,GPT::ResetMultiplayerTransferState
0x0806014c,GPT::UpdateMultiplayerState
0x080603e8,GPT::MarkMultiplayerTransferPending
0x08060404,GPT::UpdateSerialTransferStatus
0x08060434,GPT::FreeSpriteVramPool
0x08060454,GPT::HandleSerialCommunicationInterrupt
0x080604d4,GPT::ValidateSpriteActorList
0x08060520,GPT::InitSpriteVramAllocator
0x08060790,GPT::AllocateSpriteVramRange
0x08060808,GPT::FreeSpriteVramLocation
0x080608cc,GPT::DumpSpriteVramAllocatorState
0x08060934,GPT::ResetSpriteVramAllocator
0x080609c4,GPT::FindSpriteActorInsertPoint
0x080609e0,GPT::AllocateSpriteActor
0x08060a60,GPT::ReleaseSpriteActorVram
0x08060a94,GPT::RemoveSpriteActor
0x08060b0c,GPT::AcquireSpriteActor
0x08060b38,GPT::DetachSpriteActor
0x08060b68,GPT::ConfigureSpriteActorSheet
0x08060c1c,GPT::AllocateSpriteActorChain
0x08060cdc,GPT::ReleaseSpriteActorChain
0x08060d98,GPT::ResizeSpriteActorBlock
0x08060e8c,GPT::AcquireSpriteFrame
0x08060f64,GPT::SetSpriteActorFrame
0x0806100c,GPT::SetSpriteActorFramePreserveScale
0x08061030,GPT::OffsetSpriteActorFrame
0x08061078,GPT::ReorderSpriteActor
0x080610ec,GPT::GetSpriteActorWidth
0x08061110,GPT::GetSpriteActorHeight
0x08061130,GPT::SetSpriteActorPriority
0x0806114c,GPT::GetSpriteActorPriority
0x08061158,GPT::MarkSpriteActorActive
0x08061160,GPT::MarkSpriteActorInactive
0x08061168,GPT::SetSpriteActorLayer
0x08061184,GPT::GetSpriteActorGlobalState
0x08061190,GPT::InitializeSpriteTextLayout
0x080611ec,GPT::SetSpriteActorByte2A
0x080611f4,GPT::SetSpriteActorByte29
0x080611fc,GPT::SetSpriteActorByte28
0x08061204,GPT::DestroySpriteObject
0x08061228,GPT::ClearSpriteObjectActors
0x0806123c,GPT::LayoutSpriteObjectRows
0x080614b0,GPT::SetSpriteObjectWidth
0x080614bc,GPT::ShowSpriteText
0x08061660,GPT::ShowSpriteString
0x08061684,GPT::SetSpriteObjectFrame
0x08061824,GPT::MoveSpriteObject
0x08061844,GPT::SetSpriteObjectPosition
0x0806185c,GPT::SetSpriteObjectLayer
0x08061880,GPT::OffsetSpriteObjectFrame
0x080618d0,GPT::ShowNumber
0x08061980,GPT::ShowNumberClearingActors
0x080619a4,GPT::ShowMinuteSecondValue
0x08061a18,GPT::ShowTime
0x08061ae8,GPT::ShowMinuteSecondCentisecondValue
0x08061ba0,GPT::ShowSecondCentisecondValue
0x08061c24,GPT::ShowMinuteSecondString
0x08061c48,GPT::ShowTimeString
0x08061c6c,GPT::ShowMinuteSecondCentisecondString
0x08061c90,GPT::ShowSecondCentisecondString
0x08061cb4,GPT::GetSpriteObjectX
0x08061d54,GPT::GetSpriteObjectY
0x08061d68,GPT::GetSpriteObjectRightX
0x08061e08,GPT::GetSpriteObjectRightEdge
0x08061e44,GPT::GetSpriteObjectBottomY
0x08061e58,GPT::SetSpriteObjectPriority
0x08061e90,GPT::GetSpriteObjectRowCount
0x08061e94,GPT::AppendSpriteTextByte
0x08061e9c,GPT::AppendIntegerString
0x08061f3c,GPT::FormatSpriteObjectString
0x080622d0,GPT::FormatSpriteObject
0x080622e8,GPT::RenderFontToSpriteObject
0x08062318,GPT::SetSpriteObjectFlagsByte
0x08062328,GPT::SetSoundScalar
0x08062340,GPT::GetSoundScalar
0x0806234c,GPT::ReleaseSoundBuffers
0x080623a8,GPT::InitializeSoundFrequencyTable
0x0806246c,GPT::InitSoundStreamingBuffers
0x0806261c,GPT::ResetSoundState
0x0806263c,GPT::InitializeSoundHardwareState
0x08062694,GPT::ClearSoundSampleBuffer
0x080626e0,GPT::InitializeSoundPlaybackParameters
0x08062774,GPT::ResetAudioTimer1Registers
0x080627a8,GPT::UpdateSoundStreamChannel
0x080627f0,GPT::UpdateAudioRingBuffer
0x08062910,GPT::InitializeSoundStreamFromData
0x08062950,GPT::InitializeSoundStreamFromSequence
0x08062990,GPT::AllocateSoundStreamFromSequence
0x080629f0,GPT::AllocateSoundStreamFromData
0x08062a50,GPT::FindSoundStreamById
0x08062a90,GPT::StopSoundStreamById
0x08062aa4,GPT::PauseSoundStreamById
0x08062ab8,GPT::ResumeSoundStreamById
0x08062ad4,GPT::SetSoundStreamVolume
0x08062af4,GPT::SetSoundStreamPitch
0x08062b20,GPT::SetSoundBankTable
0x08062b2c,GPT::FlushPendingSoundCommands
0x08062b90,GPT::RequestAudioUpdate
0x08062ba8,GPT::StartSoundSample
0x08062bfc,GPT::StartIndexedSoundStream
0x08062c24,GPT::DecodeAudioSequence
0x08062e54,GPT::IsSoundStreamActive
0x08062e70,GPT::InitActorHeaps
0x08062efc,GPT::AllocateActorBlock
0x08062fa8,GPT::AcquireActorBlock
0x08062fe0,GPT::ReleaseActorBlock
0x08063058,sub_8063058
0x0806306c,GPT::InsertActorBlockBySize
0x080630f4,GPT::UpdateActorBlockFrames
0x08063128,GPT::RenderActorBlock
0x0806315c,GPT::ReleaseActorBlockFrames
0x08063190,GPT::GetActorBlockActor
0x080631b0,GPT::AllocateTileBuffer
0x080631ec,GPT::CopyTileBufferRows
0x08063220,GPT::FadePaletteBuffer
0x08063454,GPT::InterpolatePaletteFrames
0x08063544,GPT::BuildThresholdPaletteTransition
0x08063640,GPT::FadePaletteEntriesTowardWhite
0x08063704,GPT::ApplyNonlinearPaletteCurve
0x080637cc,GPT::ReleasePaletteTransitionResource
0x080637e4,GPT::InitializePaletteTransitionBuffer
0x08063830,GPT::UpdatePaletteColorTransition
0x08063a50,GPT::InitLanguageTable
0x08063a68,GPT::SetLanguageTableEntry
0x08063a7c,GPT::SetLanguageContext
0x08063a88,GPT::GetLanguageContext
0x08063a94,GPT::GetLanguageTableEntry
0x08063aa0,GPT::GetCurrentLanguage
0x08063ab4,GPT::FreeSpriteSheetChain
0x08063ad8,GPT::ReloadSpriteSheetFrame
0x08063b44,GPT::AdvanceSpriteAnimationFrame
0x08063ba8,GPT::ParseSpriteTextRun
0x08063cd0,GPT::AdvanceTextAnimationLine
0x08063cf4,GPT::ResetTextAnimation
0x08063d38,GPT::ParseTextControlNumber
0x08063dac,GPT::ResetSpriteAnimationList
0x08063ddc,sub_8063ddc
0x08063de0,sub_8063de0
0x08063de4,sub_8063de4
0x08063de8,GPT::SetTextGlyphMetrics
0x08063df0,GPT::InitTextObjectSource
0x08063e18,GPT::CreateTextObject
0x08063f40,GPT::SetTextCallbacks
0x08063f5c,GPT::SetTextUpdateCallback
0x08063f64,GPT::DestroyTextObject
0x08063f84,GPT::UpdateTextObject
0x080640f8,GPT::AdvanceTextLine
0x08064104,GPT::PushTextPaletteEntry
0x08064130,GPT::TickTextDelay
0x08064140,GPT::SkipTextControl
0x0806415c,GPT::RestartTextAnimation
0x0806417c,GPT::IsTextAnimating
0x08064188,GPT::IsTextWaiting
0x08064194,GPT::EmitInterpolatedByteSamples
0x080641f4,GPT::EmitInterpolatedPackedSamples
0x08064340,GPT::BuildGeometrySpanDescriptor
0x0806482c,GPT::EmitGeometrySpanSamples
0x080649f0,GPT::TransformGeometrySamplesAndBounds
0x08064ad8,GPT::TransformGeometryVerticesAndBounds
0x08064c14,GPT::AppendIndexedSpanRecord
0x08064c68,GPT::ProcessIndexedSpanGroup
0x08064dbc,GPT::RasterizeIndexedGeometryGroups
0x08064e30,GPT::CopyStridedSixteenWordRecords
0x08064f38,GPT::CountNonSpaceCharacters
0x08064f50,GPT::CountFormattedNumberDigits
0x08064f84,GPT::GetStringStorageLength
0x08064f9c,GPT::InitSpriteString
0x08064fe8,GPT::CreateSpriteString
0x08065088,GPT::ResetSpriteStringGlyphs
0x080650e0,GPT::SetSpriteStringVisibility
0x080650f8,GPT::SetSpriteStringUpdateCallback
0x080650fc,GPT::SetSpriteStringSource
0x08065108,GPT::CountVisibleSpriteGlyphs
0x0806513e,GPT::UpdateSpriteString
0x0806530c,GPT::UpdateSpriteStringGlyphActors
0x08065334,GPT::MeasureSpriteStringWidth
0x080653b0,GPT::RenderSpriteStringGlyphs
0x080653d8,GPT::FormatNumberSpriteString
0x08065508,GPT::FormatTimeSpriteString
0x080655c0,GPT::FormatDecimalSpriteDigits
0x080656b8,GPT::SetSpriteStringText
0x0806570c,GPT::SetSpriteStringGlyphTransforms
0x08065760,GPT::SetSpriteStringGlyphTransformsN
0x080657c4,GPT::ResetSpriteStringGlyphActors
0x080657ec,GPT::SetSpriteStringGlyphAnimation
0x08065804,GPT::SelectSaveBackupType
0x08065848,GPT::HandleTimer2OverflowInterrupt
0x0806586c,GPT::SelectSaveBackupProfile
0x080658a4,GPT::BeginSaveBackupTransfer
0x0806592c,GPT::EndSaveBackupTransfer
0x08065970,GPT::Dma3Copy
0x080659f0,GPT::ReadSaveBackupBlock
0x08065aa0,GPT::VerifySaveBackupBlock
0x08065b7c,GPT::CheckSaveBackupBlockUnchanged
0x08065bd4,GPT::WriteSaveBackupBlockRetry
0x08065c14,_call_via_r0
0x08065c18,_call_via_r1
0x08065c1c,_call_via_r2
0x08065c20,_call_via_r3
0x08065c24,_call_via_r4
0x08065c28,_call_via_r5
0x08065c2c,_call_via_r6
0x08065c30,_call_via_r7
0x08065c34,_call_via_r8
0x08065c38,_call_via_r9
0x08065c3c,_call_via_sl
0x08065c40,_call_via_fp
0x08065c44,_call_via_ip
0x08065c48,_call_via_sp
0x08065c4c,_call_via_lr
0x08065c50,__divdi3
0x08066084,__divsi3
0x08066118,__div0
0x0806611c,__fixunssfsi
0x08066150,__muldi3
0x080661c0,__udivsi3
0x08066238,__umodsi3
0x080662f8,__pack_f
0x080663b0,__unpack_f
0x0806642c,_fpadd_parts
0x080665a8,__addsf3
0x080665d4,__subsf3
0x08066608,__mulsf3
0x0806676c,__divsf3
0x08066858,__fpcmp_parts_f
0x0806693c,__cmpsf2
0x08066964,__eqsf2
0x080669ac,__nesf2
0x080669f4,__gtsf2
0x08066a3c,__gesf2
0x08066a84,__ltsf2
0x08066acc,__lesf2
0x08066b14,__floatsisf
0x08066b74,__fixsfsi
0x08066bdc,__negsf2
0x08066c00,__make_fp
0x08066c18,__extendsfdf2
0x08066c44,__pack_d
0x08066d8c,__unpack_d
0x08066e64,_fpadd_parts
0x080670d0,__adddf3
0x08067100,__subdf3
0x08067138,__muldf3
0x080673e0,__divdf3
0x08067568,__fpcmp_parts_d
0x08067668,__cmpdf2
0x08067694,__eqdf2
0x080676e0,__nedf2
0x0806772c,__gtdf2
0x08067778,__gedf2
0x080677c4,__ltdf2
0x08067810,__ledf2
0x0806785c,__floatsidf
0x080678d8,__fixdfsi
0x0806794c,__negdf2
0x08067974,__make_dp
0x0806799c,__truncdfsf2
0x080679e0,__lshrdi3
0x08067a14,__negdi2
0x08067a2c,memcpy
0x08067a8c,memset
0x087569f4,GPT::AdvanceTileVramAllocationCursor
0x08756a84,GPT::UploadTileBlockToVram
0x08756cc0,GPT::UpdateOamAndSpriteVram
0x08756fc0,GPT::CopyTilemapRowsToVram
0x08757380,GPT::ClearTilemapRowsInVram
0x08757494,GPT::ApplyTilemapRunLengthRows
0x08757574,GPT::DecodeTilemapAttributeBlock
0x087576d8,GPT::DecodeTilemapRows
0x087577b4,GPT::DecodeAdpcmAudioSamples
0x08757a64,GPT::ConvertSoundSamplesTo8Bit
0x08757b00,GPT::FastClear32
0x08757b88,GPT::FastCopy32
0x08757c0c,GPT::FastClear16
0x08757c70,GPT::FastCopy16
0x08757cd0,GPT::SendMultiplayerSerialWord
0x08757d24,GPT::ReceiveMultiplayerSerialWords
0x08757e4c,GPT::FinalizeMultiplayerSerialTransfer
0x08757fcc,GPT::UpdateMultiplayerSerialHandshake
